Ams,Amsterdam
Roterdam,Rotterdam
Alphen aan den ryn,Alphen aan den rijn
st jansteen,Sint jansteen
st. jansteen,Sint jansteen
st. odilienberg,Sint odilienberg
st odilienberg,Sint odilienberg
Sint Maartensdijk,Sint-Maartensdijk
st. Maartensdijk,Sint-Maartensdijk
st Maartensdijk,Sint-Maartensdijk
Sint MICHIELSGESTEL,Sint-MICHIELSGESTEL
st. MICHIELSGESTEL,Sint-MICHIELSGESTEL
st MICHIELSGESTEL,Sint-MICHIELSGESTEL
Sint Oedenrode,Sint-Oedenrode
st. Oedenrode,Sint-Oedenrode
st Oedenrode,Sint-Oedenrode
st. Willebrord,Sint Willebrord
st Willebrord,Sint Willebrord
st. Annaparochie,Sint Annaparochie
st Annaparochie,Sint Annaparochie
'S-GRAVENHAGE,Den Haag
S-GRAVENHAGE,Den Haag
's hertogenbosch,Den Bosch
's-hertogenbosch,Den Bosch
S-Hertogenbosch,Den Bosch