Alphen aan den rijn,Alphen aan den ryn
Alphen aan den ryn,Alphen aan den rijn
Sint jansteen,st. jansteen
Sint jansteen,st jansteen
st. jansteen,Sint jansteen
st jansteen,Sint jansteen
Sint odilienberg,st. odilienberg
Sint odilienberg,st odilienberg
st. odilienberg,Sint odilienberg
st odilienberg,Sint odilienberg
Sint-Maartensdijk,Sint Maartensdijk
Sint Maartensdijk,Sint-Maartensdijk
Sint-Maartensdijk,st. Maartensdijk
Sint-Maartensdijk,st Maartensdijk
st. Maartensdijk,Sint-Maartensdijk
st Maartensdijk,Sint-Maartensdijk
Sint-MICHIELSGESTEL,Sint MICHIELSGESTEL
Sint MICHIELSGESTEL,Sint-MICHIELSGESTEL
Sint-MICHIELSGESTEL,st. MICHIELSGESTEL
Sint-MICHIELSGESTEL,st MICHIELSGESTEL
st. MICHIELSGESTEL,Sint-MICHIELSGESTEL
st MICHIELSGESTEL,Sint-MICHIELSGESTEL
Sint-Oedenrode,Sint Oedenrode
Sint Oedenrode,Sint-Oedenrode
Sint-Oedenrode,st. Oedenrode
Sint-Oedenrode,st Oedenrode
st. Oedenrode,Sint-Oedenrode
st Oedenrode,Sint-Oedenrode
Sint Willebrord,st. Willebrord
Sint Willebrord,st Willebrord
st. Willebrord,Sint Willebrord
st Willebrord,Sint Willebrord
Sint Annaparochie,st. Annaparochie
Sint Annaparochie,st Annaparochie
st. Annaparochie,Sint Annaparochie
st Annaparochie,Sint Annaparochie
Den Haag,'S-GRAVENHAGE
'S-GRAVENHAGE,Den Haag
Den Haag,S-GRAVENHAGE
S-GRAVENHAGE,Den Haag
'S-GRAVENHAGE,S-GRAVENHAGE
S-GRAVENHAGE,'S-GRAVENHAGE
Den Bosch,'s hertogenbosch
's hertogenbosch,Den Bosch
Den Bosch,'s-hertogenbosch
's-hertogenbosch,Den Bosch
Den Bosch,S-Hertogenbosch
S-Hertogenbosch,Den Bosch
'S-Hertogenbosch,S-Hertogenbosch
S-Hertogenbosch,'S-Hertogenbosch